,Europe,Africa,North America,Asia,South America,Multiple,Oceana
Topic 1,0.2298050139275766,0.3432203389830508,0.3514644351464435,0.3346303501945525,0.36082474226804123,0.22142857142857142,0.21568627450980393
Topic 2,0.17409470752089137,0.17796610169491525,0.09623430962343096,0.16342412451361868,0.14432989690721648,0.18571428571428572,0.17647058823529413
Topic 3,0.04874651810584958,0.038135593220338986,0.07112970711297072,0.04474708171206226,0.09278350515463918,0.11428571428571428,0.11764705882352941
Topic 4,0.2924791086350975,0.19491525423728814,0.25523012552301255,0.22957198443579765,0.2268041237113402,0.21428571428571427,0.19607843137254902
Topic 5,0.06406685236768803,0.07203389830508475,0.09205020920502092,0.05642023346303502,0.07216494845360824,0.11428571428571428,0.058823529411764705
Topic 6,0.1615598885793872,0.13135593220338984,0.1087866108786611,0.14396887159533073,0.08247422680412371,0.10714285714285714,0.19607843137254902
Topic 7,0.02924791086350975,0.0423728813559322,0.02510460251046025,0.027237354085603113,0.020618556701030927,0.04285714285714286,0.0392156862745098
